transaction_id,item,quantity,price_per_unit,total_spent,payment_method,location,transaction_date
TXN_1000555,Tea,1,1.5,1.5,"Credit Card",In-store,2023-10-19
TXN_1001832,Salad,2,5.0,10.0,Cash,Takeaway,UNKNOWN
TXN_1002457,Cookie,5,1.0,5.0,"Digital Wallet",Takeaway,2023-09-29
TXN_1003246,Juice,2,3.0,6.0,NULL,NULL,2023-02-15
TXN_1004184,Smoothie,1,4.0,4.0,"Credit Card",In-store,2023-05-18
TXN_1004563,Tea,5,1.5,7.5,"Credit Card",In-store,2023-10-28
TXN_1005331,Coffee,1,2.0,2.0,"Digital Wallet",Takeaway,2023-11-04
TXN_1005377,Cake,5,UNKNOWN,15.0,"Digital Wallet",Takeaway,2023-06-03
TXN_1005472,Coffee,4,2.0,8.0,"Credit Card",NULL,2023-04-21
TXN_1006942,Salad,1,5.0,5.0,"Credit Card",In-store,2023-11-30
TXN_1007347,Salad,4,5.0,20.0,"Digital Wallet",In-store,2023-08-28
TXN_1009421,Cookie,4,1.0,4.0,Cash,Takeaway,2023-02-21
TXN_1010950,Cookie,ERROR,1.0,1.0,"Digital Wallet",Takeaway,2023-01-07
TXN_1011236,Cake,1,3.0,3.0,Cash,In-store,2023-02-08
TXN_1012349,UNKNOWN,4,3.0,12.0,Cash,In-store,2023-07-08
TXN_1015883,Cookie,4,1.0,4.0,Cash,In-store,2023-10-16
TXN_1016246,Coffee,1,2.0,2.0,ERROR,NULL,2023-01-19
TXN_1018470,Juice,3,3.0,9.0,NULL,ERROR,2023-01-14
TXN_1018880,Smoothie,5,4.0,20.0,"Digital Wallet",NULL,2023-07-15
TXN_1020478,Coffee,1,2.0,2.0,"Digital Wallet",Takeaway,2023-03-09
TXN_1020983,Juice,1,3.0,3.0,"Digital Wallet",NULL,2023-03-23
TXN_1021087,Sandwich,1,4.0,4.0,NULL,ERROR,2023-11-01
TXN_1022126,Tea,ERROR,1.5,4.5,NULL,UNKNOWN,UNKNOWN
TXN_1022220,Juice,3,3.0,9.0,NULL,Takeaway,2023-08-03
TXN_1022523,Salad,4,5.0,20.0,Cash,In-store,2023-11-25
TXN_1025152,Cookie,4,1.0,4.0,NULL,NULL,2023-08-19
TXN_1026050,Cake,1,3.0,3.0,ERROR,NULL,2023-04-23
TXN_1026799,Cake,5,3.0,15.0,"Credit Card",NULL,UNKNOWN
TXN_1026827,Cookie,4,1.0,4.0,"Digital Wallet",In-store,2023-01-02
TXN_1030539,Cake,3,3.0,9.0,NULL,Takeaway,2023-11-06
TXN_1031802,Cookie,4,1.0,4.0,ERROR,UNKNOWN,2023-06-27
TXN_1034067,Smoothie,3,NULL,12.0,"Digital Wallet",NULL,2023-01-07
TXN_1034651,Sandwich,3,4.0,12.0,NULL,Takeaway,2023-07-06
TXN_1034956,Sandwich,4,4.0,16.0,Cash,In-store,ERROR
TXN_1035504,Smoothie,2,4.0,8.0,"Digital Wallet",Takeaway,2023-03-30
TXN_1037464,UNKNOWN,5,4.0,20.0,"Digital Wallet",NULL,2023-02-14
TXN_1037486,Salad,5,5.0,25.0,"Digital Wallet",In-store,NULL
TXN_1038397,Cookie,3,1.0,3.0,NULL,In-store,2023-05-20
TXN_1039367,Sandwich,3,4.0,NULL,Cash,NULL,2023-03-12
TXN_1040764,Coffee,3,2.0,6.0,Cash,Takeaway,2023-07-27
TXN_1041891,Cookie,5,1.0,5.0,NULL,NULL,2023-08-09
TXN_1045022,Sandwich,4,4.0,16.0,"Credit Card",Takeaway,2023-10-13
TXN_1046384,Smoothie,1,4.0,4.0,Cash,UNKNOWN,2023-06-09
TXN_1046394,Smoothie,1,4.0,4.0,Cash,In-store,2023-04-29
TXN_1046659,Smoothie,3,4.0,12.0,NULL,Takeaway,2023-12-14
TXN_1047204,Cookie,3,1.0,3.0,"Digital Wallet",UNKNOWN,2023-04-13
TXN_1047450,Coffee,2,2.0,4.0,Cash,In-store,2023-11-19
TXN_1048284,Salad,2,5.0,10.0,Cash,In-store,2023-08-19
TXN_1048616,Tea,1,1.5,NULL,Cash,NULL,2023-10-10
TXN_1049697,Tea,3,UNKNOWN,4.5,Cash,In-store,2023-10-08
TXN_1050083,Cake,5,3.0,15.0,"Credit Card",Takeaway,2023-06-28
TXN_1050323,Juice,1,3.0,3.0,NULL,In-store,2023-03-10
TXN_1054912,Sandwich,3,4.0,12.0,Cash,NULL,2023-08-02
TXN_1054915,NULL,5,1.0,5.0,NULL,In-store,2023-01-22
TXN_1056256,Cake,4,3.0,12.0,UNKNOWN,In-store,2023-12-04
TXN_1056277,Cookie,UNKNOWN,1.0,5.0,NULL,NULL,2023-02-06
TXN_1057209,UNKNOWN,5,1.0,5.0,"Credit Card",In-store,2023-09-17
TXN_1057760,Juice,4,3.0,12.0,"Credit Card",Takeaway,2023-02-20
TXN_1058466,Cookie,3,1.0,3.0,"Digital Wallet",Takeaway,2023-12-07
TXN_1058927,Sandwich,4,4.0,16.0,Cash,NULL,2023-07-08
TXN_1058957,Juice,2,3.0,6.0,Cash,In-store,2023-03-21
TXN_1059293,UNKNOWN,5,4.0,20.0,UNKNOWN,NULL,2023-12-04
TXN_1062822,Juice,UNKNOWN,3.0,6.0,"Credit Card",NULL,2023-06-28
TXN_1063342,Sandwich,5,4.0,20.0,NULL,In-store,2023-01-13
TXN_1063366,Juice,3,3.0,9.0,NULL,UNKNOWN,2023-03-20
TXN_1063524,Smoothie,5,4.0,20.0,"Credit Card",NULL,2023-11-09
TXN_1064565,Juice,4,3.0,12.0,"Digital Wallet",In-store,2023-03-14
TXN_1065721,Sandwich,4,4.0,16.0,Cash,Takeaway,2023-12-06
TXN_1066604,Sandwich,5,4.0,20.0,"Credit Card",NULL,2023-05-18
TXN_1067052,Tea,4,1.5,6.0,NULL,Takeaway,2023-02-18
TXN_1068317,Juice,3,3.0,ERROR,"Digital Wallet",Takeaway,2023-03-16
TXN_1072232,Sandwich,1,4.0,4.0,"Digital Wallet",In-store,2023-01-07
TXN_1072678,Juice,2,3.0,UNKNOWN,Cash,NULL,2023-05-30
TXN_1072984,Tea,4,1.5,6.0,"Digital Wallet",NULL,2023-01-11
TXN_1074435,Coffee,1,2.0,2.0,NULL,In-store,2023-11-25
TXN_1075183,Tea,2,1.5,3.0,"Credit Card",NULL,2023-01-09
TXN_1075446,Cookie,4,1.0,4.0,"Credit Card",NULL,2023-07-17
TXN_1075969,Cookie,2,1.0,2.0,"Digital Wallet",ERROR,2023-08-13
TXN_1077060,Coffee,3,2.0,6.0,NULL,Takeaway,2023-08-22
TXN_1077129,Cookie,1,1.0,1.0,NULL,In-store,2023-09-12
TXN_1079239,Smoothie,1,NULL,4.0,NULL,Takeaway,2023-02-08
TXN_1079241,Juice,3,3.0,9.0,"Digital Wallet",Takeaway,2023-07-16
TXN_1079844,Salad,2,5.0,10.0,"Digital Wallet",NULL,2023-10-27
TXN_1080377,Cake,2,3.0,6.0,ERROR,NULL,2023-04-08
TXN_1080432,Salad,2,5.0,10.0,"Credit Card",In-store,2023-04-29
TXN_1082012,Smoothie,5,4.0,20.0,"Credit Card",NULL,2023-01-04
TXN_1082421,Salad,1,5.0,5.0,"Digital Wallet",In-store,2023-12-19
TXN_1082717,ERROR,UNKNOWN,NULL,9.0,"Digital Wallet",In-store,2023-12-13
TXN_1084010,Smoothie,2,4.0,8.0,"Credit Card",In-store,2023-08-11
TXN_1084222,Coffee,4,2.0,8.0,"Digital Wallet",In-store,2023-06-03
TXN_1086324,Cake,3,3.0,9.0,NULL,In-store,2023-11-25
TXN_1088497,Sandwich,1,4.0,4.0,"Digital Wallet",Takeaway,2023-07-05
TXN_1090854,Cookie,UNKNOWN,1.0,3.0,"Credit Card",In-store,2023-01-07
TXN_1091115,Sandwich,5,4.0,20.0,Cash,Takeaway,2023-11-04
TXN_1091243,Sandwich,2,4.0,8.0,NULL,In-store,2023-01-06
TXN_1093668,Coffee,2,2.0,4.0,"Digital Wallet",ERROR,2023-05-18
TXN_1093800,Sandwich,3,4.0,12.0,Cash,Takeaway,NULL
TXN_1094145,Cookie,3,1.0,3.0,"Credit Card",NULL,2023-03-15
TXN_1094479,Cake,3,3.0,9.0,UNKNOWN,In-store,2023-06-08
TXN_1096690,Smoothie,5,4.0,ERROR,"Credit Card",NULL,2023-10-09
TXN_1097334,Coffee,2,2.0,4.0,"Credit Card",Takeaway,2023-03-21
TXN_1099119,Smoothie,4,4.0,16.0,Cash,NULL,2023-02-09
TXN_1101527,Smoothie,UNKNOWN,4.0,20.0,"Digital Wallet",NULL,2023-04-20
TXN_1102876,Cookie,1,1.0,1.0,Cash,NULL,UNKNOWN
TXN_1103495,Juice,1,3.0,3.0,Cash,Takeaway,UNKNOWN
TXN_1103883,Cookie,5,1.0,5.0,"Credit Card",UNKNOWN,2023-08-09
TXN_1104849,UNKNOWN,4,4.0,16.0,"Digital Wallet",Takeaway,2023-07-05
TXN_1105589,Coffee,5,2.0,10.0,Cash,Takeaway,2023-07-04
TXN_1108326,Cake,2,3.0,ERROR,NULL,Takeaway,ERROR
TXN_1108663,Juice,3,3.0,9.0,Cash,Takeaway,2023-08-16
TXN_1109715,Cake,1,ERROR,3.0,UNKNOWN,In-store,2023-07-15
TXN_1116119,Smoothie,4,4.0,16.0,"Digital Wallet",In-store,2023-08-07
TXN_1118799,ERROR,4,4.0,NULL,"Credit Card",Takeaway,2023-09-19
TXN_1120969,Coffee,2,2.0,4.0,"Credit Card",NULL,2023-04-15
TXN_1121833,Coffee,4,2.0,8.0,"Credit Card",In-store,2023-03-16
TXN_1122140,Sandwich,4,4.0,16.0,Cash,NULL,2023-06-19
TXN_1122699,UNKNOWN,5,5.0,25.0,"Digital Wallet",In-store,2023-10-14
TXN_1122700,Salad,5,5.0,ERROR,"Digital Wallet",In-store,2023-11-09
TXN_1123138,Salad,1,5.0,5.0,Cash,In-store,2023-02-10
TXN_1123346,Tea,3,1.5,4.5,NULL,NULL,2023-07-31
TXN_1124311,Cookie,1,1.0,1.0,Cash,NULL,2023-05-05
TXN_1124655,Salad,3,5.0,15.0,Cash,NULL,2023-10-23
TXN_1124753,Salad,4,5.0,20.0,"Digital Wallet",In-store,2023-10-19
TXN_1124796,ERROR,5,1.5,7.5,"Credit Card",NULL,2023-10-28
TXN_1124900,NULL,4,4.0,16.0,"Credit Card",In-store,2023-09-08
TXN_1128577,Sandwich,1,4.0,4.0,"Digital Wallet",In-store,2023-11-23
TXN_1130142,Cookie,1,1.0,1.0,"Credit Card",In-store,2023-03-13
TXN_1130191,Smoothie,2,4.0,8.0,Cash,In-store,2023-04-06
TXN_1131785,Sandwich,1,4.0,4.0,Cash,NULL,2023-12-19
TXN_1132293,Tea,4,1.5,6.0,ERROR,NULL,2023-07-05
TXN_1132566,Cake,3,3.0,9.0,Cash,NULL,2023-02-27
TXN_1133945,Smoothie,2,4.0,8.0,"Digital Wallet",In-store,2023-10-23
TXN_1135215,Sandwich,3,4.0,12.0,NULL,In-store,2023-04-10
TXN_1135761,ERROR,3,3.0,9.0,"Digital Wallet",NULL,2023-01-30
TXN_1136554,Smoothie,3,4.0,12.0,UNKNOWN,Takeaway,2023-03-26
TXN_1139495,Salad,3,5.0,15.0,"Digital Wallet",NULL,2023-02-19
TXN_1141405,Cookie,1,1.0,1.0,NULL,NULL,ERROR
TXN_1141920,Coffee,4,2.0,8.0,"Digital Wallet",NULL,2023-10-26
TXN_1142233,Tea,5,1.5,7.5,"Digital Wallet",Takeaway,2023-09-01
TXN_1145592,Juice,1,3.0,3.0,"Credit Card",Takeaway,2023-09-11
TXN_1145888,Coffee,4,2.0,8.0,NULL,NULL,2023-01-26
TXN_1148060,Cookie,5,1.0,5.0,Cash,NULL,2023-10-12
TXN_1148874,Cookie,1,1.0,1.0,"Credit Card",In-store,2023-09-18
TXN_1148945,Coffee,1,2.0,2.0,NULL,UNKNOWN,2023-09-05
TXN_1149624,Cake,3,3.0,ERROR,NULL,NULL,2023-09-14
TXN_1150033,Juice,5,3.0,15.0,Cash,In-store,2023-04-18
TXN_1151605,Coffee,1,2.0,2.0,"Digital Wallet",Takeaway,2023-05-02
TXN_1152249,Smoothie,3,4.0,ERROR,NULL,In-store,2023-05-09
TXN_1153869,Smoothie,5,4.0,20.0,"Credit Card",Takeaway,2023-11-03
TXN_1154979,Coffee,3,2.0,6.0,"Credit Card",In-store,2023-12-11
TXN_1157817,Smoothie,1,4.0,4.0,"Digital Wallet",In-store,2023-04-25
TXN_1158197,Coffee,2,2.0,4.0,NULL,Takeaway,2023-05-21
TXN_1158829,Tea,1,UNKNOWN,1.5,"Credit Card",NULL,2023-10-02
TXN_1161606,Sandwich,5,4.0,20.0,"Credit Card",Takeaway,2023-09-20
TXN_1165762,NULL,3,2.0,6.0,"Credit Card",NULL,2023-10-22
TXN_1165779,Cookie,4,1.0,4.0,"Digital Wallet",Takeaway,2023-06-30
TXN_1166001,NULL,UNKNOWN,3.0,15.0,Cash,ERROR,NULL
TXN_1169615,Smoothie,5,4.0,20.0,"Digital Wallet",In-store,2023-03-16
TXN_1170198,Tea,4,1.5,6.0,"Credit Card",In-store,2023-02-09
TXN_1170807,Smoothie,5,4.0,20.0,NULL,In-store,2023-09-15
TXN_1171080,Sandwich,3,4.0,12.0,"Credit Card",NULL,2023-07-29
TXN_1171281,Coffee,2,2.0,4.0,"Digital Wallet",NULL,2023-02-06
TXN_1172121,Coffee,5,2.0,10.0,Cash,Takeaway,2023-08-26
TXN_1173155,Coffee,1,2.0,2.0,Cash,In-store,2023-03-14
TXN_1177438,Salad,4,5.0,20.0,NULL,Takeaway,2023-08-21
TXN_1180397,Smoothie,3,4.0,12.0,"Credit Card",Takeaway,2023-04-05
TXN_1180623,Sandwich,5,4.0,20.0,NULL,In-store,2023-09-23
TXN_1180969,Cookie,1,1.0,ERROR,"Digital Wallet",In-store,2023-01-06
TXN_1181626,Cookie,4,1.0,4.0,NULL,Takeaway,2023-02-06
TXN_1183208,Smoothie,5,4.0,20.0,ERROR,NULL,2023-08-26
TXN_1183212,Juice,4,3.0,12.0,NULL,In-store,2023-06-30
TXN_1183995,Salad,5,5.0,25.0,"Digital Wallet",Takeaway,2023-03-28
TXN_1184377,Juice,1,3.0,3.0,Cash,NULL,2023-10-25
TXN_1184715,Cake,2,3.0,6.0,NULL,NULL,2023-09-10
TXN_1185003,ERROR,5,3.0,15.0,Cash,Takeaway,2023-01-06
TXN_1185069,Salad,1,5.0,5.0,"Digital Wallet",UNKNOWN,2023-02-21
TXN_1185118,UNKNOWN,5,3.0,NULL,NULL,NULL,UNKNOWN
TXN_1185156,Smoothie,4,4.0,16.0,NULL,Takeaway,2023-03-23
TXN_1186221,Salad,4,5.0,20.0,Cash,Takeaway,2023-04-21
TXN_1188551,UNKNOWN,2,2.0,4.0,NULL,NULL,2023-03-20
TXN_1188596,Juice,1,3.0,3.0,Cash,NULL,2023-10-24
TXN_1190151,Juice,5,3.0,15.0,"Digital Wallet",NULL,2023-08-14
TXN_1190402,Cake,1,3.0,3.0,"Credit Card",Takeaway,2023-12-01
TXN_1191068,Salad,1,5.0,5.0,NULL,NULL,2023-05-19
TXN_1191659,Coffee,4,2.0,ERROR,"Credit Card",In-store,2023-11-21
TXN_1192009,Coffee,1,2.0,2.0,ERROR,NULL,2023-05-18
TXN_1192970,Coffee,2,2.0,4.0,"Digital Wallet",Takeaway,2023-06-17
TXN_1193221,Tea,3,1.5,4.5,"Credit Card",In-store,2023-10-21
TXN_1193551,Cookie,1,1.0,1.0,NULL,Takeaway,2023-01-07
TXN_1193809,Tea,3,1.5,4.5,"Digital Wallet",NULL,2023-01-21
TXN_1193930,Coffee,1,2.0,2.0,Cash,NULL,NULL
TXN_1196223,Juice,3,3.0,9.0,"Digital Wallet",In-store,2023-10-14
TXN_1196324,Tea,4,1.5,6.0,"Credit Card",In-store,2023-09-26
TXN_1196923,Smoothie,2,4.0,8.0,ERROR,NULL,2023-04-27
TXN_1197495,Juice,5,3.0,15.0,UNKNOWN,Takeaway,ERROR
TXN_1197536,Salad,3,5.0,15.0,NULL,Takeaway,2023-10-02
TXN_1199898,Smoothie,1,4.0,4.0,"Credit Card",NULL,2023-10-26
TXN_1200795,Sandwich,1,4.0,4.0,NULL,In-store,2023-08-18
TXN_1203191,Coffee,5,2.0,10.0,ERROR,In-store,2023-10-12
TXN_1203954,Sandwich,1,4.0,4.0,"Digital Wallet",NULL,2023-08-12
TXN_1204426,Sandwich,NULL,4.0,12.0,"Credit Card",NULL,2023-01-16
TXN_1205020,Tea,5,1.5,7.5,Cash,NULL,2023-10-03
TXN_1205522,Cake,5,3.0,15.0,NULL,In-store,2023-12-26
TXN_1205610,NULL,2,1.0,2.0,NULL,In-store,2023-07-19
TXN_1205773,Salad,5,5.0,25.0,Cash,NULL,2023-01-27
TXN_1206585,Tea,2,1.5,3.0,Cash,NULL,2023-06-29
TXN_1208561,NULL,ERROR,NULL,20.0,"Credit Card",NULL,2023-08-19
TXN_1208926,Cookie,4,1.0,4.0,"Credit Card",In-store,2023-12-07
TXN_1209852,Cookie,2,1.0,2.0,"Credit Card",In-store,2023-11-18
TXN_1210058,Tea,5,1.5,7.5,NULL,NULL,2023-11-25
TXN_1210183,Tea,3,1.5,4.5,ERROR,In-store,2023-01-23
TXN_1212652,Juice,3,3.0,9.0,"Credit Card",UNKNOWN,2023-01-30
TXN_1213938,Salad,5,5.0,25.0,"Digital Wallet",Takeaway,2023-07-06
TXN_1214868,Juice,4,NULL,12.0,Cash,In-store,2023-07-30
TXN_1216051,Cake,4,3.0,12.0,"Digital Wallet",Takeaway,2023-10-28
TXN_1217810,Cookie,1,1.0,1.0,"Digital Wallet",NULL,2023-07-06
TXN_1217959,Juice,2,3.0,6.0,"Digital Wallet",Takeaway,2023-07-28
TXN_1218016,Tea,3,1.5,4.5,"Digital Wallet",NULL,2023-11-26
TXN_1220061,Sandwich,3,4.0,12.0,"Digital Wallet",In-store,2023-09-03
TXN_1221777,Coffee,3,2.0,6.0,ERROR,In-store,2023-01-29
TXN_1221801,Smoothie,2,4.0,8.0,NULL,NULL,2023-06-17
TXN_1222338,Cookie,1,1.0,1.0,NULL,In-store,2023-10-11
TXN_1223805,Juice,3,3.0,9.0,UNKNOWN,In-store,2023-07-04
TXN_1224087,Coffee,5,2.0,10.0,"Digital Wallet",Takeaway,2023-03-20
TXN_1225638,Cake,4,3.0,12.0,Cash,Takeaway,2023-05-28
TXN_1226662,Salad,1,5.0,5.0,NULL,In-store,2023-06-17
TXN_1227800,Juice,3,3.0,9.0,Cash,Takeaway,2023-02-19
TXN_1228474,Smoothie,4,4.0,UNKNOWN,NULL,In-store,2023-11-20
TXN_1228652,Salad,1,ERROR,5.0,Cash,In-store,2023-07-24
TXN_1228888,Cookie,1,1.0,1.0,"Credit Card",In-store,2023-10-05
TXN_1228927,Tea,2,1.5,3.0,"Credit Card",NULL,2023-11-28
TXN_1229376,Cake,3,3.0,9.0,"Digital Wallet",In-store,2023-08-14
TXN_1230311,Juice,3,3.0,9.0,"Digital Wallet",UNKNOWN,2023-08-14
TXN_1231366,Sandwich,3,4.0,12.0,"Digital Wallet",Takeaway,2023-11-28
TXN_1231531,Coffee,5,2.0,10.0,"Digital Wallet",In-store,2023-07-24
TXN_1232346,Salad,5,5.0,25.0,"Digital Wallet",In-store,2023-01-04
TXN_1234097,Cookie,4,NULL,4.0,Cash,NULL,2023-12-04
TXN_1234390,Cake,2,3.0,6.0,"Digital Wallet",Takeaway,2023-06-02
TXN_1234907,Juice,1,3.0,3.0,"Credit Card",In-store,2023-05-02
TXN_1235828,Tea,4,1.5,6.0,Cash,Takeaway,2023-02-19
TXN_1235969,Cookie,1,1.0,1.0,"Digital Wallet",NULL,2023-07-08
TXN_1236759,Coffee,1,2.0,2.0,"Credit Card",In-store,2023-01-26
TXN_1236779,Juice,3,NULL,9.0,"Credit Card",In-store,2023-12-29
TXN_1237674,NULL,3,1.5,4.5,"Credit Card",UNKNOWN,2023-10-04
TXN_1239021,Sandwich,5,UNKNOWN,20.0,"Credit Card",UNKNOWN,2023-09-15
TXN_1239876,NULL,2,4.0,8.0,"Digital Wallet",In-store,2023-04-04
TXN_1240476,Juice,2,3.0,6.0,"Digital Wallet",Takeaway,2023-04-20
TXN_1242840,Smoothie,1,4.0,4.0,"Credit Card",NULL,2023-08-26
TXN_1243964,NULL,3,1.5,4.5,NULL,Takeaway,2023-12-01
TXN_1244299,Sandwich,2,4.0,8.0,Cash,Takeaway,2023-07-18
TXN_1244509,Smoothie,3,4.0,12.0,"Credit Card",In-store,2023-02-21
TXN_1244593,Salad,5,5.0,25.0,NULL,In-store,2023-04-11
TXN_1244739,Salad,2,5.0,10.0,"Credit Card",Takeaway,2023-09-13
TXN_1245485,Cake,1,ERROR,3.0,"Digital Wallet",ERROR,2023-05-15
TXN_1247244,Sandwich,1,4.0,4.0,"Digital Wallet",In-store,2023-12-27
TXN_1248167,UNKNOWN,1,4.0,4.0,Cash,NULL,2023-03-05
TXN_1248266,Salad,3,5.0,15.0,"Credit Card",In-store,2023-10-14
TXN_1248436,Cake,4,3.0,12.0,"Credit Card",Takeaway,2023-08-14
TXN_1249069,Coffee,2,2.0,4.0,NULL,ERROR,2023-01-22
TXN_1250407,Cookie,1,1.0,1.0,"Credit Card",Takeaway,2023-11-21
TXN_1251960,Sandwich,5,ERROR,20.0,"Digital Wallet",Takeaway,2023-11-20
TXN_1252575,Tea,1,1.5,1.5,"Digital Wallet",Takeaway,2023-10-16
TXN_1253619,Juice,5,3.0,15.0,NULL,NULL,2023-05-25
TXN_1254663,Coffee,3,2.0,ERROR,NULL,NULL,2023-08-15
TXN_1255476,Smoothie,1,4.0,4.0,NULL,NULL,2023-08-28
TXN_1256513,Coffee,4,2.0,8.0,"Credit Card",In-store,2023-02-21
TXN_1256536,Salad,1,5.0,5.0,ERROR,Takeaway,2023-12-16
TXN_1256851,Sandwich,4,4.0,16.0,UNKNOWN,In-store,2023-07-29
TXN_1259340,Tea,3,ERROR,UNKNOWN,"Digital Wallet",NULL,2023-02-24
TXN_1259671,Sandwich,UNKNOWN,4.0,12.0,"Digital Wallet",In-store,2023-10-08
TXN_1259824,Cookie,NULL,1.0,5.0,"Digital Wallet",Takeaway,2023-04-29
TXN_1260335,Cookie,4,1.0,4.0,"Digital Wallet",In-store,NULL
TXN_1260517,Smoothie,5,4.0,20.0,"Digital Wallet",Takeaway,2023-04-17
TXN_1261028,Juice,3,3.0,9.0,ERROR,In-store,2023-10-27
TXN_1263426,Sandwich,2,UNKNOWN,8.0,NULL,UNKNOWN,2023-10-20
TXN_1266278,Smoothie,1,4.0,4.0,NULL,Takeaway,2023-11-03
TXN_1266598,Cake,4,3.0,12.0,"Digital Wallet",NULL,2023-04-05
TXN_1267753,ERROR,3,1.5,4.5,"Credit Card",NULL,2023-06-28
TXN_1268480,Salad,5,5.0,25.0,Cash,In-store,2023-04-18
TXN_1268811,Salad,1,5.0,5.0,NULL,NULL,2023-01-04
TXN_1269172,Sandwich,1,4.0,4.0,Cash,NULL,2023-08-22
TXN_1269252,Cake,1,3.0,3.0,"Digital Wallet",Takeaway,2023-07-18
TXN_1270603,Juice,4,3.0,12.0,"Credit Card",Takeaway,2023-12-03
TXN_1272118,Cookie,4,1.0,4.0,"Credit Card",Takeaway,2023-04-21
TXN_1272815,Juice,4,3.0,12.0,"Credit Card",NULL,2023-08-07
TXN_1275124,Coffee,3,2.0,6.0,NULL,UNKNOWN,2023-06-21
TXN_1277813,ERROR,5,3.0,15.0,"Digital Wallet",NULL,2023-09-11
TXN_1277989,UNKNOWN,5,1.5,7.5,NULL,In-store,2023-08-09
TXN_1278539,Tea,1,1.5,1.5,"Credit Card",Takeaway,2023-04-04
TXN_1279428,Salad,1,5.0,5.0,"Digital Wallet",NULL,2023-03-02
TXN_1281536,Smoothie,5,4.0,20.0,"Digital Wallet",In-store,2023-03-19
TXN_1282260,Sandwich,5,4.0,20.0,"Digital Wallet",UNKNOWN,2023-07-21
TXN_1283149,Salad,2,5.0,10.0,"Credit Card",In-store,2023-01-23
TXN_1285279,Coffee,2,2.0,4.0,Cash,Takeaway,2023-04-09
TXN_1286779,Smoothie,ERROR,4.0,16.0,"Credit Card",NULL,2023-04-13
TXN_1289133,Juice,1,3.0,3.0,Cash,UNKNOWN,2023-09-19
TXN_1292430,Smoothie,1,4.0,4.0,"Credit Card",Takeaway,2023-03-09
TXN_1292476,Juice,4,3.0,12.0,"Digital Wallet",Takeaway,2023-09-07
TXN_1293057,Tea,2,1.5,3.0,"Digital Wallet",NULL,2023-07-03
TXN_1293509,Juice,3,3.0,9.0,Cash,In-store,UNKNOWN
TXN_1294101,Tea,5,1.5,7.5,"Digital Wallet",Takeaway,2023-03-31
TXN_1295824,Tea,1,1.5,1.5,"Credit Card",NULL,2023-08-01
TXN_1296879,Cake,1,3.0,3.0,NULL,Takeaway,2023-11-17
TXN_1297663,Smoothie,5,NULL,20.0,"Credit Card",NULL,2023-09-12
TXN_1298084,UNKNOWN,2,1.5,3.0,"Credit Card",Takeaway,2023-01-02
TXN_1299936,Coffee,1,2.0,2.0,NULL,Takeaway,2023-03-27
TXN_1299959,Smoothie,5,4.0,20.0,Cash,NULL,2023-06-23
TXN_1302920,Coffee,2,2.0,4.0,NULL,NULL,2023-08-16
TXN_1303984,Salad,4,5.0,20.0,"Digital Wallet",NULL,2023-07-24
TXN_1307239,Coffee,1,2.0,2.0,"Digital Wallet",Takeaway,2023-10-26
TXN_1307428,NULL,4,1.5,6.0,"Credit Card",NULL,NULL
TXN_1309055,UNKNOWN,2,2.0,4.0,"Credit Card",Takeaway,2023-11-09
TXN_1309653,Salad,2,5.0,10.0,Cash,In-store,NULL
TXN_1310741,Sandwich,3,4.0,12.0,NULL,Takeaway,2023-07-25
TXN_1311237,Cookie,4,1.0,4.0,"Credit Card",NULL,2023-11-11
TXN_1311519,Smoothie,5,4.0,20.0,Cash,NULL,2023-01-28
TXN_1313643,Cake,4,3.0,12.0,UNKNOWN,NULL,2023-02-11
TXN_1313701,Cookie,2,1.0,2.0,NULL,NULL,2023-10-03
TXN_1315214,Tea,2,1.5,3.0,"Digital Wallet",In-store,2023-11-03
TXN_1315847,Cake,1,3.0,3.0,"Digital Wallet",In-store,2023-06-19
TXN_1316036,ERROR,2,3.0,6.0,Cash,Takeaway,2023-10-27
TXN_1317114,Cookie,2,1.0,2.0,"Digital Wallet",Takeaway,2023-11-06
TXN_1318238,Sandwich,1,4.0,UNKNOWN,"Digital Wallet",Takeaway,2023-09-23
TXN_1318943,UNKNOWN,2,2.0,UNKNOWN,Cash,In-store,2023-06-13
TXN_1319834,Cookie,1,1.0,1.0,NULL,NULL,2023-03-31
TXN_1322421,Juice,4,3.0,12.0,"Credit Card",Takeaway,2023-03-05
TXN_1322520,ERROR,5,5.0,25.0,Cash,NULL,2023-07-12
TXN_1323030,Salad,4,5.0,20.0,NULL,In-store,2023-03-30
TXN_1324760,Tea,4,1.5,6.0,Cash,In-store,2023-01-18
TXN_1324930,Sandwich,5,4.0,UNKNOWN,"Credit Card",Takeaway,2023-01-11
TXN_1324968,Cookie,3,1.0,3.0,"Credit Card",In-store,2023-01-05
TXN_1325631,Cake,4,UNKNOWN,12.0,"Credit Card",In-store,2023-02-11
TXN_1326993,Cookie,3,1.0,3.0,UNKNOWN,In-store,2023-12-30
TXN_1328230,Sandwich,5,4.0,20.0,Cash,NULL,2023-02-03
TXN_1328953,Smoothie,3,4.0,12.0,NULL,NULL,2023-12-28
TXN_1328968,Tea,1,ERROR,1.5,NULL,In-store,2023-06-28
TXN_1329167,Tea,5,1.5,7.5,NULL,Takeaway,2023-01-14
TXN_1330506,Cookie,3,1.0,3.0,"Digital Wallet",UNKNOWN,2023-11-10
TXN_1332623,Cookie,2,1.0,2.0,NULL,Takeaway,2023-07-15
TXN_1333524,Cake,2,3.0,6.0,"Credit Card",NULL,2023-05-05
TXN_1333682,Smoothie,1,4.0,4.0,"Digital Wallet",NULL,2023-01-28
TXN_1334406,Juice,1,3.0,3.0,"Digital Wallet",In-store,2023-09-26
TXN_1335256,Coffee,5,2.0,10.0,NULL,Takeaway,2023-08-04
TXN_1335337,Tea,3,1.5,4.5,"Credit Card",In-store,2023-09-06
TXN_1336470,Tea,1,1.5,1.5,Cash,NULL,2023-12-22
TXN_1336727,Smoothie,2,NULL,8.0,NULL,In-store,2023-10-18
TXN_1336900,Coffee,5,2.0,10.0,"Credit Card",ERROR,2023-01-16
TXN_1339158,Salad,4,5.0,20.0,Cash,NULL,UNKNOWN
TXN_1339457,ERROR,3,4.0,ERROR,"Digital Wallet",In-store,2023-05-23
TXN_1340358,Sandwich,3,4.0,12.0,Cash,Takeaway,2023-06-09
TXN_1340956,ERROR,4,2.0,8.0,NULL,NULL,2023-10-26
TXN_1342359,Cake,4,3.0,12.0,Cash,Takeaway,2023-07-14
TXN_1342487,Juice,3,3.0,9.0,"Credit Card",NULL,2023-09-21
TXN_1343750,Cookie,2,1.0,2.0,"Digital Wallet",Takeaway,2023-02-15
TXN_1344947,Cake,3,3.0,9.0,NULL,Takeaway,2023-02-16
TXN_1345440,Salad,5,5.0,25.0,Cash,NULL,2023-06-20
TXN_1346517,Coffee,1,2.0,2.0,"Digital Wallet",Takeaway,2023-03-20
TXN_1346936,Cookie,5,1.0,5.0,ERROR,NULL,2023-10-10
TXN_1346953,Tea,3,1.5,4.5,NULL,In-store,2023-09-24
TXN_1347965,Cookie,5,1.0,5.0,UNKNOWN,In-store,2023-02-19
TXN_1348274,Cake,5,3.0,15.0,NULL,NULL,2023-11-14
TXN_1349215,UNKNOWN,ERROR,4.0,4.0,"Digital Wallet",NULL,2023-02-06
TXN_1349640,Juice,2,3.0,6.0,"Credit Card",In-store,2023-06-17
TXN_1349738,Sandwich,3,4.0,ERROR,Cash,ERROR,2023-03-26
TXN_1350239,Smoothie,5,4.0,20.0,Cash,NULL,2023-11-18
TXN_1351151,Smoothie,ERROR,4.0,4.0,"Credit Card",NULL,2023-10-03
TXN_1353248,Sandwich,3,4.0,12.0,Cash,UNKNOWN,2023-09-03
TXN_1353266,Smoothie,1,4.0,4.0,"Digital Wallet",Takeaway,2023-08-30
TXN_1353479,Smoothie,4,4.0,16.0,Cash,NULL,2023-09-20
TXN_1354464,Cake,5,3.0,15.0,"Digital Wallet",In-store,2023-03-18
TXN_1355212,Coffee,2,2.0,4.0,NULL,NULL,2023-05-25
TXN_1356599,Cookie,2,1.0,2.0,Cash,Takeaway,2023-12-14
TXN_1357780,Tea,4,NULL,6.0,NULL,In-store,2023-10-23
TXN_1360379,Tea,1,1.5,1.5,"Credit Card",UNKNOWN,2023-08-23
TXN_1360872,Coffee,2,UNKNOWN,4.0,"Credit Card",In-store,2023-11-04
TXN_1360998,Cookie,2,1.0,2.0,Cash,Takeaway,2023-07-30
TXN_1363508,Salad,4,5.0,20.0,Cash,NULL,2023-08-08
TXN_1364211,Salad,2,5.0,10.0,ERROR,In-store,2023-03-08
TXN_1365285,Juice,5,3.0,15.0,"Credit Card",NULL,2023-06-11
TXN_1367003,Salad,5,5.0,25.0,Cash,In-store,2023-11-10
TXN_1367723,Coffee,3,2.0,NULL,Cash,In-store,2023-10-25
TXN_1368769,Cookie,3,1.0,3.0,"Credit Card",Takeaway,2023-06-02
TXN_1370465,Cookie,4,1.0,UNKNOWN,"Digital Wallet",NULL,2023-03-25
TXN_1371554,Sandwich,2,4.0,NULL,NULL,NULL,2023-05-19
TXN_1371708,Cookie,2,1.0,2.0,NULL,Takeaway,2023-03-14
TXN_1372003,Tea,4,1.5,6.0,"Digital Wallet",Takeaway,2023-10-13
TXN_1372492,Salad,4,5.0,20.0,Cash,Takeaway,2023-03-28
TXN_1372991,Coffee,4,2.0,8.0,NULL,In-store,2023-11-17
TXN_1373048,Salad,5,5.0,25.0,NULL,In-store,2023-08-31
TXN_1374424,Sandwich,5,4.0,20.0,NULL,NULL,2023-04-24
TXN_1375992,Coffee,5,2.0,10.0,"Credit Card",In-store,2023-03-23
TXN_1379209,Tea,5,1.5,7.5,NULL,In-store,2023-02-06
TXN_1380601,Tea,4,1.5,6.0,"Digital Wallet",In-store,2023-03-11
TXN_1381818,Juice,4,3.0,12.0,"Credit Card",NULL,UNKNOWN
TXN_1386024,Cake,4,3.0,12.0,"Credit Card",NULL,2023-05-21
TXN_1387062,NULL,5,4.0,20.0,"Credit Card",NULL,2023-08-22
TXN_1387401,Cookie,4,1.0,4.0,Cash,In-store,2023-10-19
TXN_1388606,Cake,3,3.0,9.0,"Digital Wallet",Takeaway,2023-08-31
TXN_1389258,Salad,1,5.0,5.0,Cash,Takeaway,2023-12-31
TXN_1390754,Cake,2,3.0,6.0,NULL,Takeaway,2023-11-08
TXN_1390917,Sandwich,1,4.0,4.0,"Credit Card",NULL,2023-01-16
TXN_1392546,Cake,ERROR,3.0,6.0,"Digital Wallet",In-store,2023-12-06
TXN_1394131,Juice,4,3.0,12.0,NULL,Takeaway,2023-06-13
TXN_1395083,Juice,1,3.0,3.0,Cash,In-store,2023-07-08
TXN_1396019,Coffee,4,2.0,8.0,Cash,In-store,2023-12-03
TXN_1398511,Coffee,5,2.0,10.0,NULL,Takeaway,2023-12-19
TXN_1398769,Smoothie,1,4.0,4.0,Cash,In-store,2023-06-02
TXN_1399696,Cake,5,3.0,15.0,Cash,In-store,2023-04-08
TXN_1401771,Sandwich,2,4.0,8.0,Cash,NULL,2023-12-08
TXN_1402641,Tea,3,1.5,ERROR,"Credit Card",Takeaway,2023-09-12
TXN_1405124,NULL,3,4.0,12.0,"Digital Wallet",Takeaway,2023-08-03
TXN_1405498,Juice,2,3.0,6.0,UNKNOWN,Takeaway,2023-12-31
TXN_1408709,Smoothie,5,4.0,20.0,Cash,Takeaway,2023-04-14
TXN_1409029,Sandwich,1,4.0,4.0,Cash,NULL,UNKNOWN
TXN_1410102,Salad,1,5.0,5.0,Cash,In-store,2023-06-23
TXN_1411473,Coffee,3,2.0,6.0,"Credit Card",In-store,2023-01-04
TXN_1411744,Smoothie,4,4.0,16.0,"Credit Card",Takeaway,2023-09-17
TXN_1412415,Juice,3,3.0,9.0,Cash,In-store,2023-02-24
TXN_1413304,UNKNOWN,5,5.0,25.0,NULL,Takeaway,2023-03-17
TXN_1413310,Smoothie,3,4.0,12.0,NULL,Takeaway,2023-04-06
TXN_1413335,Salad,1,5.0,5.0,"Digital Wallet",Takeaway,2023-05-17
TXN_1414039,Juice,4,3.0,12.0,NULL,UNKNOWN,2023-02-13
TXN_1417291,Juice,4,3.0,12.0,"Digital Wallet",In-store,2023-05-11
TXN_1417400,Cookie,2,1.0,2.0,Cash,In-store,2023-03-20
TXN_1417724,Sandwich,2,4.0,8.0,"Digital Wallet",NULL,2023-06-07
TXN_1417871,Salad,3,5.0,15.0,Cash,Takeaway,2023-03-12
TXN_1418829,Smoothie,1,4.0,4.0,NULL,Takeaway,2023-09-19
TXN_1419188,Cake,5,3.0,15.0,"Credit Card",NULL,2023-11-26
TXN_1419669,Cake,5,3.0,15.0,Cash,Takeaway,2023-03-07
TXN_1419790,Sandwich,3,4.0,12.0,NULL,NULL,2023-01-06
TXN_1422305,Sandwich,4,4.0,16.0,NULL,In-store,2023-03-09
TXN_1423173,Smoothie,5,4.0,20.0,"Credit Card",NULL,2023-10-02
TXN_1424056,Smoothie,1,4.0,4.0,Cash,NULL,2023-07-31
TXN_1425215,Juice,1,3.0,3.0,Cash,Takeaway,2023-03-13
TXN_1425591,Smoothie,1,4.0,4.0,Cash,NULL,2023-09-10
TXN_1427485,Coffee,3,2.0,6.0,"Credit Card",NULL,2023-07-19
TXN_1427963,Coffee,1,2.0,2.0,Cash,NULL,2023-10-14
TXN_1429325,Smoothie,2,4.0,8.0,Cash,ERROR,2023-04-20
TXN_1429858,Cookie,4,1.0,4.0,"Credit Card",ERROR,2023-03-15
TXN_1430778,NULL,1,1.5,1.5,"Credit Card",Takeaway,2023-05-26
TXN_1432682,Tea,1,1.5,1.5,NULL,UNKNOWN,2023-07-11
TXN_1434598,Sandwich,5,4.0,20.0,Cash,Takeaway,2023-11-18
TXN_1434857,Cake,5,3.0,15.0,ERROR,In-store,2023-01-13
TXN_1435035,Smoothie,1,4.0,4.0,NULL,In-store,2023-12-31
TXN_1435086,Cake,5,NULL,15.0,NULL,ERROR,2023-02-09
TXN_1435192,Cake,2,3.0,6.0,NULL,NULL,2023-06-18
TXN_1436343,Cookie,1,1.0,1.0,"Credit Card",In-store,2023-11-26
TXN_1436851,Sandwich,5,4.0,20.0,Cash,Takeaway,2023-07-28
TXN_1437083,Smoothie,2,4.0,8.0,"Credit Card",In-store,2023-03-15
TXN_1437275,Coffee,3,2.0,6.0,"Credit Card",NULL,2023-07-22
TXN_1438257,Salad,4,5.0,20.0,"Credit Card",Takeaway,2023-06-13
TXN_1439390,Juice,4,3.0,12.0,NULL,In-store,2023-02-14
TXN_1442096,Cookie,3,1.0,3.0,"Credit Card",In-store,2023-06-27
TXN_1442771,NULL,1,3.0,3.0,NULL,NULL,2023-04-25
TXN_1442791,Tea,1,1.5,1.5,UNKNOWN,NULL,2023-03-23
TXN_1443201,Cookie,5,1.0,5.0,"Credit Card",In-store,2023-10-03
TXN_1443912,Juice,2,3.0,6.0,NULL,NULL,2023-06-08
TXN_1443928,Cake,4,3.0,12.0,Cash,Takeaway,2023-12-03
TXN_1444479,NULL,1,3.0,3.0,"Credit Card",NULL,2023-12-10
TXN_1444932,Smoothie,1,4.0,4.0,Cash,In-store,2023-05-24
TXN_1445532,Coffee,3,2.0,6.0,Cash,Takeaway,2023-03-03
TXN_1446862,Cake,3,3.0,9.0,NULL,Takeaway,2023-09-26
TXN_1448501,Cake,4,3.0,12.0,"Credit Card",Takeaway,2023-09-10
TXN_1449065,Salad,2,5.0,10.0,Cash,NULL,2023-10-03
TXN_1449866,Salad,4,5.0,20.0,Cash,NULL,2023-09-21
TXN_1450705,Cookie,5,1.0,5.0,NULL,NULL,2023-10-07
TXN_1452253,Sandwich,2,4.0,NULL,NULL,NULL,2023-05-12
TXN_1452931,Tea,1,1.5,1.5,"Digital Wallet",NULL,2023-07-08
TXN_1453579,Sandwich,5,4.0,20.0,NULL,NULL,2023-01-21
TXN_1454024,Cookie,5,1.0,5.0,"Digital Wallet",NULL,NULL
TXN_1454467,Juice,3,3.0,9.0,Cash,In-store,2023-03-15
TXN_1454730,Coffee,5,2.0,10.0,NULL,Takeaway,2023-07-21
TXN_1454866,Sandwich,1,UNKNOWN,4.0,"Digital Wallet",Takeaway,2023-12-13
TXN_1456374,Cookie,5,1.0,5.0,Cash,NULL,2023-02-15
TXN_1458905,Sandwich,1,4.0,4.0,"Digital Wallet",Takeaway,2023-02-19
TXN_1459078,Cookie,5,1.0,5.0,NULL,In-store,2023-11-10
TXN_1460963,Coffee,3,2.0,6.0,Cash,In-store,2023-02-10
TXN_1461221,Salad,2,5.0,10.0,Cash,In-store,2023-04-30
TXN_1461246,Smoothie,1,4.0,4.0,NULL,NULL,2023-06-01
TXN_1461895,Juice,5,3.0,15.0,ERROR,NULL,2023-06-17
TXN_1463795,Coffee,5,2.0,10.0,"Credit Card",NULL,2023-08-04
TXN_1464150,Coffee,5,2.0,10.0,Cash,Takeaway,2023-02-14
TXN_1464694,Sandwich,1,4.0,ERROR,NULL,In-store,2023-07-23
TXN_1465364,Tea,4,1.5,6.0,"Digital Wallet",In-store,ERROR
TXN_1465584,Sandwich,1,4.0,4.0,"Credit Card",In-store,2023-04-29
TXN_1466002,ERROR,3,3.0,9.0,NULL,NULL,2023-11-23
TXN_1467367,Sandwich,3,4.0,12.0,NULL,NULL,2023-02-18
TXN_1467546,Cookie,3,1.0,3.0,NULL,Takeaway,2023-07-20
TXN_1469462,Cake,1,3.0,3.0,"Credit Card",Takeaway,2023-09-05
TXN_1472433,ERROR,1,2.0,2.0,"Digital Wallet",Takeaway,2023-04-05
TXN_1473693,Smoothie,4,4.0,16.0,NULL,Takeaway,2023-05-14
TXN_1474329,Smoothie,2,4.0,8.0,"Digital Wallet",Takeaway,2023-03-02
TXN_1475403,Cookie,1,1.0,NULL,Cash,In-store,NULL
TXN_1475459,Tea,4,1.5,6.0,NULL,Takeaway,2023-11-09
TXN_1476066,Smoothie,2,4.0,8.0,ERROR,Takeaway,2023-10-19
TXN_1476711,Tea,2,1.5,3.0,NULL,NULL,2023-01-26
TXN_1476775,Salad,3,5.0,15.0,"Credit Card",NULL,2023-11-01
TXN_1477525,Salad,3,5.0,15.0,Cash,Takeaway,2023-11-06
TXN_1478016,NULL,4,1.0,4.0,NULL,In-store,2023-08-04
TXN_1480967,Tea,2,1.5,3.0,Cash,Takeaway,NULL
TXN_1481116,Tea,2,1.5,3.0,"Digital Wallet",In-store,2023-02-26
TXN_1481470,Juice,3,3.0,9.0,"Digital Wallet",Takeaway,ERROR
TXN_1482123,Coffee,1,2.0,2.0,Cash,In-store,2023-06-17
TXN_1485417,Cookie,3,1.0,3.0,Cash,In-store,ERROR
TXN_1485725,Salad,5,5.0,25.0,NULL,In-store,2023-12-10
TXN_1486119,Cookie,4,1.0,4.0,NULL,UNKNOWN,2023-08-24
TXN_1486576,Sandwich,4,4.0,16.0,NULL,Takeaway,2023-09-10
TXN_1487762,Tea,3,1.5,4.5,NULL,NULL,2023-02-07
TXN_1488127,Tea,5,NULL,7.5,NULL,Takeaway,2023-12-12
TXN_1488458,Coffee,4,2.0,8.0,NULL,NULL,2023-08-21
TXN_1488481,Coffee,4,2.0,8.0,"Credit Card",Takeaway,2023-07-28
TXN_1489194,Coffee,3,2.0,6.0,"Digital Wallet",Takeaway,2023-07-18
TXN_1489200,ERROR,1,3.0,3.0,UNKNOWN,ERROR,2023-03-27
TXN_1489218,Salad,2,5.0,10.0,"Digital Wallet",NULL,2023-09-13
TXN_1489746,Cookie,3,1.0,3.0,"Digital Wallet",In-store,2023-12-18
TXN_1491299,Juice,2,3.0,6.0,"Credit Card",In-store,2023-02-27
TXN_1491578,Cookie,2,1.0,2.0,NULL,NULL,2023-02-23
TXN_1491670,Juice,5,3.0,15.0,"Credit Card",Takeaway,2023-06-28
TXN_1492585,Sandwich,ERROR,4.0,12.0,Cash,Takeaway,2023-01-17
TXN_1493452,Sandwich,3,4.0,12.0,NULL,NULL,2023-11-08
TXN_1494502,Salad,5,5.0,25.0,"Digital Wallet",ERROR,ERROR
TXN_1494608,Tea,3,1.5,4.5,"Credit Card",In-store,2023-05-07
TXN_1495371,Sandwich,2,4.0,ERROR,"Credit Card",Takeaway,2023-07-21
TXN_1496038,Juice,4,3.0,12.0,NULL,In-store,2023-12-22
TXN_1496962,Smoothie,5,4.0,20.0,NULL,In-store,2023-12-17
TXN_1498343,Salad,2,5.0,10.0,"Credit Card",Takeaway,2023-03-31
TXN_1499208,NULL,1,4.0,4.0,Cash,Takeaway,2023-11-01
TXN_1499346,Cake,5,3.0,15.0,NULL,NULL,2023-12-09
TXN_1503602,Tea,5,1.5,7.5,"Digital Wallet",NULL,2023-12-16
TXN_1503903,Tea,1,1.5,1.5,Cash,Takeaway,2023-03-20
TXN_1504466,Coffee,1,2.0,2.0,Cash,NULL,2023-11-07
TXN_1505837,Sandwich,3,4.0,12.0,"Credit Card",In-store,2023-12-15
TXN_1505875,Smoothie,4,4.0,16.0,Cash,Takeaway,2023-05-17
TXN_1505947,UNKNOWN,3,1.0,3.0,Cash,NULL,2023-11-21
TXN_1509627,Juice,4,UNKNOWN,12.0,"Digital Wallet",NULL,2023-03-23
TXN_1510315,ERROR,3,2.0,6.0,Cash,NULL,2023-02-28
TXN_1510406,NULL,3,5.0,15.0,NULL,In-store,2023-01-12
TXN_1510673,Juice,3,3.0,9.0,NULL,ERROR,2023-02-26
TXN_1512118,Salad,4,5.0,20.0,Cash,In-store,2023-03-01
TXN_1512159,Cake,2,3.0,6.0,"Credit Card",In-store,2023-11-25
TXN_1512184,Coffee,3,2.0,6.0,NULL,Takeaway,2023-01-28
TXN_1512185,Coffee,4,2.0,8.0,Cash,Takeaway,2023-06-16
TXN_1514364,Coffee,5,2.0,10.0,"Digital Wallet",In-store,2023-01-21
TXN_1515059,ERROR,4,3.0,12.0,NULL,In-store,2023-10-25
TXN_1516182,Cookie,1,1.0,1.0,NULL,NULL,2023-06-18
TXN_1516961,Sandwich,3,4.0,12.0,"Credit Card",Takeaway,2023-11-01
TXN_1518379,Juice,4,3.0,12.0,NULL,In-store,2023-08-12
TXN_1521486,Salad,4,5.0,20.0,NULL,ERROR,2023-01-28
TXN_1521861,ERROR,5,3.0,15.0,Cash,In-store,2023-04-02
TXN_1522122,Cookie,5,1.0,5.0,"Credit Card",In-store,2023-02-14
TXN_1522140,Cookie,4,1.0,4.0,Cash,NULL,2023-05-28
TXN_1522176,Smoothie,UNKNOWN,4.0,4.0,"Digital Wallet",Takeaway,2023-04-29
TXN_1522430,Smoothie,3,4.0,12.0,"Credit Card",NULL,2023-12-06
TXN_1523567,Salad,3,5.0,UNKNOWN,"Digital Wallet",Takeaway,2023-11-22
TXN_1523626,Cake,4,3.0,12.0,UNKNOWN,Takeaway,2023-07-21
TXN_1524602,UNKNOWN,3,2.0,6.0,Cash,Takeaway,2023-05-11
TXN_1524626,Smoothie,2,4.0,8.0,"Digital Wallet",NULL,2023-12-29
TXN_1525046,Smoothie,2,4.0,8.0,Cash,NULL,2023-12-02
TXN_1525583,Sandwich,3,UNKNOWN,UNKNOWN,Cash,Takeaway,2023-05-20
TXN_1526864,Smoothie,3,4.0,12.0,"Digital Wallet",In-store,2023-01-27
TXN_1526920,Sandwich,5,4.0,20.0,"Digital Wallet",Takeaway,ERROR
TXN_1528454,Coffee,2,2.0,4.0,NULL,In-store,2023-03-22
TXN_1529845,Juice,3,3.0,9.0,"Credit Card",In-store,2023-01-25
TXN_1529904,Coffee,1,2.0,2.0,"Credit Card",In-store,NULL
TXN_1529961,Smoothie,4,4.0,16.0,"Credit Card",UNKNOWN,2023-09-29
TXN_1530892,Juice,2,3.0,6.0,"Digital Wallet",NULL,2023-09-09
TXN_1532390,Tea,5,1.5,7.5,"Digital Wallet",ERROR,2023-04-08
TXN_1533652,Tea,3,1.5,4.5,Cash,In-store,2023-08-17
TXN_1533790,Cake,NULL,3.0,12.0,"Digital Wallet",Takeaway,2023-07-21
TXN_1534223,Cake,3,3.0,9.0,"Credit Card",NULL,2023-01-30
TXN_1534763,Cookie,2,1.0,2.0,Cash,Takeaway,2023-09-17
TXN_1535311,Juice,3,3.0,9.0,Cash,NULL,2023-03-16
TXN_1538510,Coffee,5,2.0,10.0,"Digital Wallet",NULL,2023-05-22
TXN_1538515,Juice,4,3.0,12.0,Cash,NULL,2023-06-11
TXN_1540181,Tea,3,1.5,4.5,NULL,Takeaway,2023-08-17
TXN_1542042,Cake,4,3.0,12.0,"Credit Card",Takeaway,2023-07-26
TXN_1544070,Coffee,5,2.0,10.0,UNKNOWN,Takeaway,2023-09-05
TXN_1546695,Coffee,5,2.0,NULL,NULL,Takeaway,2023-03-06
TXN_1547245,Sandwich,NULL,4.0,NULL,NULL,Takeaway,2023-09-11
TXN_1547555,Smoothie,3,4.0,NULL,NULL,Takeaway,NULL
TXN_1547704,Coffee,5,2.0,10.0,Cash,In-store,2023-02-14
TXN_1547717,Sandwich,5,4.0,NULL,NULL,NULL,2023-12-15
TXN_1548245,NULL,4,4.0,16.0,"Credit Card",NULL,2023-03-15
TXN_1554195,Smoothie,2,4.0,8.0,"Digital Wallet",NULL,2023-10-22
TXN_1555314,Sandwich,1,4.0,4.0,NULL,Takeaway,2023-02-25
TXN_1556046,Sandwich,4,4.0,16.0,"Credit Card",Takeaway,2023-04-09
TXN_1556480,Tea,5,1.5,NULL,NULL,NULL,2023-02-06
TXN_1556609,Sandwich,1,4.0,4.0,"Digital Wallet",NULL,2023-07-21
TXN_1556652,Cake,5,3.0,15.0,"Digital Wallet",ERROR,2023-04-06
TXN_1556708,Smoothie,1,4.0,4.0,"Digital Wallet",Takeaway,2023-06-11
TXN_1559313,Smoothie,2,4.0,8.0,"Credit Card",NULL,2023-12-02
TXN_1559512,Juice,5,NULL,15.0,"Credit Card",NULL,2023-11-28
TXN_1559521,UNKNOWN,5,2.0,10.0,UNKNOWN,In-store,2023-07-05
TXN_1560873,Cookie,2,1.0,2.0,UNKNOWN,Takeaway,2023-07-19
TXN_1561430,Tea,2,1.5,3.0,NULL,Takeaway,2023-10-13
TXN_1564506,Smoothie,5,4.0,20.0,"Digital Wallet",In-store,2023-02-01
TXN_1564754,Salad,3,5.0,15.0,"Digital Wallet",In-store,2023-03-14
TXN_1565027,UNKNOWN,3,1.5,NULL,NULL,NULL,2023-03-16
TXN_1566564,Cookie,3,1.0,3.0,"Credit Card",Takeaway,2023-09-08
TXN_1568657,Coffee,2,UNKNOWN,4.0,Cash,NULL,NULL
TXN_1569248,Tea,1,1.5,1.5,"Credit Card",NULL,2023-11-14
TXN_1569729,Smoothie,5,4.0,20.0,Cash,Takeaway,2023-07-16
TXN_1570573,Sandwich,3,4.0,12.0,"Digital Wallet",Takeaway,2023-04-09
TXN_1570632,Sandwich,5,4.0,UNKNOWN,"Digital Wallet",NULL,2023-02-28
TXN_1571824,Cookie,4,1.0,4.0,Cash,Takeaway,2023-10-16
TXN_1571874,Cake,1,3.0,3.0,"Digital Wallet",ERROR,2023-07-10
TXN_1572930,Coffee,3,2.0,6.0,NULL,In-store,2023-07-17
TXN_1574190,Smoothie,3,4.0,12.0,UNKNOWN,NULL,2023-12-17
TXN_1575608,Sandwich,NULL,NULL,20.0,ERROR,Takeaway,2023-01-05
TXN_1576076,Coffee,3,2.0,6.0,Cash,Takeaway,2023-10-07
TXN_1576355,Coffee,4,2.0,8.0,NULL,NULL,2023-10-20
TXN_1577802,Juice,2,3.0,6.0,"Credit Card",In-store,2023-11-29
TXN_1578981,Cake,1,3.0,3.0,Cash,In-store,2023-05-15
TXN_1579182,Juice,5,3.0,15.0,Cash,In-store,2023-02-20
TXN_1580822,Juice,5,3.0,15.0,"Credit Card",NULL,ERROR
TXN_1581562,Coffee,2,2.0,4.0,Cash,In-store,2023-01-01
TXN_1581997,Salad,4,5.0,20.0,"Digital Wallet",NULL,2023-08-26
TXN_1582958,Coffee,2,2.0,4.0,Cash,NULL,2023-12-08
TXN_1583315,Cookie,3,1.0,3.0,NULL,Takeaway,2023-10-17
TXN_1583597,Salad,1,5.0,5.0,Cash,In-store,2023-05-10
TXN_1583983,Tea,3,1.5,4.5,"Credit Card",NULL,2023-03-02
TXN_1584851,Smoothie,1,4.0,4.0,"Credit Card",NULL,2023-04-10
TXN_1585329,Smoothie,4,4.0,16.0,"Credit Card",NULL,2023-07-16
TXN_1585827,Cake,3,3.0,9.0,"Credit Card",In-store,2023-09-30
TXN_1586452,Salad,2,5.0,ERROR,Cash,In-store,2023-02-01
TXN_1588687,Coffee,2,2.0,4.0,"Digital Wallet",Takeaway,2023-08-22
TXN_1589264,NULL,2,5.0,10.0,Cash,NULL,2023-07-26
TXN_1591640,Cake,2,3.0,6.0,Cash,In-store,2023-05-26
TXN_1593691,Sandwich,2,4.0,8.0,NULL,NULL,2023-03-11
TXN_1595139,Smoothie,5,4.0,20.0,Cash,NULL,2023-08-24
TXN_1598214,Juice,1,ERROR,3.0,"Credit Card",Takeaway,2023-01-07
TXN_1599516,Juice,3,3.0,9.0,Cash,In-store,2023-05-11
TXN_1602123,Coffee,NULL,2.0,2.0,Cash,NULL,2023-04-11
TXN_1602435,Smoothie,1,4.0,4.0,Cash,ERROR,2023-12-01
TXN_1602799,Cake,4,3.0,12.0,"Digital Wallet",Takeaway,2023-03-23
TXN_1603051,ERROR,4,1.0,4.0,"Credit Card",Takeaway,2023-03-21
TXN_1603186,Cake,3,3.0,NULL,Cash,Takeaway,2023-10-13
TXN_1603563,Cake,4,3.0,12.0,NULL,Takeaway,2023-04-13
TXN_1604072,Coffee,2,2.0,4.0,NULL,NULL,2023-01-01
TXN_1605048,Cake,4,3.0,12.0,Cash,Takeaway,2023-03-16
TXN_1605677,Tea,5,1.5,7.5,ERROR,NULL,2023-01-15
TXN_1606273,Coffee,1,2.0,2.0,"Digital Wallet",Takeaway,2023-11-02
TXN_1607471,Sandwich,2,4.0,8.0,"Credit Card",Takeaway,2023-01-03
TXN_1607650,Cookie,2,1.0,2.0,NULL,UNKNOWN,2023-04-27
TXN_1610137,Coffee,3,2.0,6.0,Cash,Takeaway,2023-04-02
TXN_1610204,Cake,1,3.0,3.0,NULL,Takeaway,2023-02-19
TXN_1613996,Juice,2,3.0,6.0,NULL,In-store,2023-10-12
TXN_1616810,UNKNOWN,2,1.0,2.0,NULL,In-store,2023-09-05
TXN_1617029,UNKNOWN,4,5.0,20.0,Cash,Takeaway,2023-05-15
TXN_1617476,Cake,2,3.0,6.0,"Digital Wallet",In-store,2023-02-10
TXN_1617594,Sandwich,1,4.0,4.0,UNKNOWN,In-store,2023-04-23
TXN_1621227,Coffee,2,2.0,4.0,Cash,NULL,UNKNOWN
TXN_1621920,Salad,3,5.0,15.0,NULL,Takeaway,2023-10-28
TXN_1622123,Cookie,2,1.0,2.0,Cash,Takeaway,2023-01-05
TXN_1622411,Salad,2,5.0,10.0,UNKNOWN,Takeaway,2023-07-23
TXN_1622577,Juice,1,3.0,3.0,Cash,NULL,2023-03-14
TXN_1623966,Tea,2,1.5,3.0,Cash,Takeaway,UNKNOWN
TXN_1624458,Tea,ERROR,1.5,6.0,"Digital Wallet",NULL,NULL
TXN_1625754,Cake,5,3.0,15.0,"Digital Wallet",In-store,2023-08-03
TXN_1627038,Juice,4,3.0,12.0,NULL,Takeaway,2023-12-25
TXN_1628509,Smoothie,5,4.0,20.0,NULL,Takeaway,UNKNOWN
TXN_1629092,Cookie,3,1.0,3.0,"Credit Card",NULL,2023-02-13
TXN_1629218,Coffee,ERROR,2.0,6.0,"Digital Wallet",NULL,2023-06-27
TXN_1630051,Smoothie,5,4.0,20.0,"Digital Wallet",Takeaway,2023-03-17
TXN_1631377,Coffee,5,2.0,10.0,NULL,Takeaway,2023-06-07
TXN_1631695,Tea,2,1.5,3.0,NULL,In-store,2023-09-19
TXN_1632205,Cookie,4,1.0,4.0,ERROR,In-store,2023-02-04
TXN_1633337,Salad,5,5.0,25.0,"Credit Card",NULL,2023-06-29
TXN_1633563,ERROR,4,4.0,16.0,"Digital Wallet",In-store,2023-02-05
TXN_1633607,Juice,1,3.0,3.0,Cash,Takeaway,2023-03-13
TXN_1634534,Juice,5,3.0,15.0,NULL,NULL,2023-12-03
TXN_1635137,Cake,2,3.0,6.0,Cash,NULL,2023-12-28
TXN_1635631,Cookie,4,1.0,4.0,"Credit Card",NULL,2023-07-04
TXN_1636908,Cake,4,3.0,12.0,"Digital Wallet",NULL,2023-10-17
TXN_1637131,ERROR,4,ERROR,6.0,Cash,NULL,UNKNOWN
TXN_1637334,ERROR,2,1.5,3.0,"Credit Card",In-store,2023-08-09
TXN_1640172,Salad,UNKNOWN,5.0,5.0,NULL,NULL,2023-04-13
TXN_1640649,Cookie,4,1.0,4.0,NULL,In-store,2023-12-05
TXN_1641000,Sandwich,2,4.0,8.0,Cash,NULL,2023-08-19
TXN_1643029,Cookie,3,1.0,3.0,NULL,NULL,2023-09-11
TXN_1643039,Cookie,3,1.0,3.0,NULL,NULL,2023-02-17
TXN_1643122,Juice,3,3.0,9.0,NULL,In-store,2023-05-15
TXN_1643447,NULL,1,3.0,3.0,ERROR,NULL,2023-09-03
TXN_1643870,Salad,4,5.0,20.0,"Digital Wallet",Takeaway,2023-10-07
TXN_1645743,Cookie,4,1.0,4.0,"Digital Wallet",Takeaway,2023-07-02
TXN_1646009,ERROR,4,5.0,20.0,"Credit Card",NULL,2023-10-11
TXN_1647069,Sandwich,1,4.0,4.0,"Credit Card",Takeaway,2023-04-06
TXN_1647077,Smoothie,2,4.0,8.0,UNKNOWN,NULL,2023-08-19
TXN_1647144,Salad,2,UNKNOWN,10.0,NULL,Takeaway,2023-08-29
TXN_1648671,Sandwich,3,4.0,12.0,Cash,Takeaway,2023-05-21
TXN_1650385,Sandwich,1,4.0,4.0,ERROR,NULL,2023-07-24
TXN_1652596,Smoothie,5,4.0,UNKNOWN,"Digital Wallet",NULL,2023-10-04
TXN_1653570,Coffee,5,2.0,10.0,UNKNOWN,Takeaway,2023-10-10
TXN_1654784,Cookie,5,1.0,5.0,NULL,In-store,2023-12-31
TXN_1655100,Cake,4,3.0,12.0,"Credit Card",Takeaway,2023-12-20
TXN_1655827,Cake,1,3.0,3.0,NULL,In-store,2023-09-06
TXN_1660104,Smoothie,2,4.0,8.0,"Credit Card",Takeaway,2023-02-04
TXN_1660757,Cake,4,3.0,12.0,"Digital Wallet",Takeaway,2023-11-08
TXN_1661068,Salad,3,5.0,15.0,Cash,Takeaway,2023-04-09
TXN_1661682,ERROR,5,4.0,20.0,"Digital Wallet",NULL,2023-07-13
TXN_1662024,UNKNOWN,4,1.0,4.0,NULL,In-store,2023-01-16
TXN_1663113,Smoothie,4,4.0,16.0,"Credit Card",Takeaway,2023-12-24
TXN_1663257,Juice,3,3.0,9.0,"Credit Card",ERROR,2023-04-23
TXN_1664563,Smoothie,3,4.0,12.0,Cash,NULL,2023-04-28
TXN_1664665,ERROR,3,3.0,9.0,"Credit Card",In-store,2023-05-21
TXN_1665056,Salad,5,5.0,25.0,Cash,NULL,2023-01-05
TXN_1665810,Sandwich,5,4.0,20.0,"Digital Wallet",In-store,2023-02-26
TXN_1666190,Smoothie,4,4.0,16.0,NULL,Takeaway,2023-07-28
TXN_1667192,Cake,4,3.0,12.0,UNKNOWN,Takeaway,2023-07-17
TXN_1670597,Coffee,2,2.0,4.0,Cash,Takeaway,2023-05-21
TXN_1670848,Cake,2,ERROR,6.0,"Credit Card",ERROR,2023-08-04
TXN_1671480,Cookie,5,1.0,5.0,NULL,NULL,2023-01-06
TXN_1672229,Cookie,2,1.0,2.0,Cash,NULL,2023-11-12
TXN_1672443,Coffee,1,2.0,2.0,"Credit Card",Takeaway,2023-10-03
TXN_1672632,NULL,3,5.0,15.0,"Digital Wallet",NULL,2023-07-04
TXN_1672708,Salad,4,5.0,20.0,NULL,NULL,2023-04-04
TXN_1674042,Coffee,5,2.0,10.0,"Digital Wallet",NULL,2023-09-19
TXN_1675510,Sandwich,3,4.0,12.0,NULL,NULL,2023-09-09
TXN_1678985,Juice,2,3.0,6.0,Cash,In-store,2023-07-16
TXN_1679800,Smoothie,4,4.0,16.0,Cash,In-store,2023-10-17
TXN_1681153,Juice,3,3.0,9.0,Cash,Takeaway,2023-02-09
TXN_1681216,Cake,3,3.0,9.0,UNKNOWN,NULL,2023-03-23
TXN_1686323,Smoothie,4,4.0,16.0,"Digital Wallet",In-store,2023-11-30
TXN_1687822,Salad,4,5.0,20.0,"Credit Card",Takeaway,ERROR
TXN_1688292,UNKNOWN,3,NULL,9.0,"Credit Card",In-store,NULL
TXN_1688499,Smoothie,2,4.0,8.0,"Credit Card",NULL,2023-03-23
TXN_1689024,Coffee,5,2.0,ERROR,"Credit Card",In-store,2023-04-17
TXN_1691313,Sandwich,2,4.0,8.0,"Digital Wallet",Takeaway,2023-03-17
TXN_1691512,Smoothie,1,4.0,4.0,NULL,UNKNOWN,2023-03-25
TXN_1694090,Coffee,4,2.0,8.0,"Digital Wallet",NULL,2023-11-30
TXN_1694364,Sandwich,3,4.0,12.0,NULL,Takeaway,2023-06-10
TXN_1696300,Cookie,1,1.0,1.0,"Digital Wallet",In-store,2023-05-28
TXN_1696813,Cookie,3,1.0,3.0,Cash,In-store,2023-04-02
TXN_1697018,Juice,4,3.0,12.0,"Digital Wallet",In-store,2023-07-02
TXN_1697299,Smoothie,3,4.0,12.0,Cash,In-store,2023-10-08
TXN_1698600,Salad,4,5.0,20.0,Cash,Takeaway,2023-07-31
TXN_1700027,Smoothie,4,4.0,16.0,"Digital Wallet",In-store,2023-06-04
TXN_1700374,Sandwich,5,4.0,20.0,NULL,In-store,2023-08-11
TXN_1701465,Cake,1,3.0,3.0,Cash,NULL,2023-06-15
TXN_1701500,Smoothie,1,4.0,4.0,ERROR,Takeaway,2023-01-05
TXN_1701766,Cake,4,3.0,12.0,NULL,NULL,2023-11-22
TXN_1701798,Coffee,2,2.0,4.0,Cash,Takeaway,2023-07-24
TXN_1702434,Smoothie,3,4.0,12.0,"Digital Wallet",NULL,2023-07-22
TXN_1702437,Smoothie,4,4.0,16.0,"Credit Card",Takeaway,2023-06-27
TXN_1704041,Coffee,4,2.0,ERROR,"Credit Card",NULL,2023-05-21
TXN_1704642,NULL,5,3.0,15.0,"Digital Wallet",In-store,ERROR
TXN_1706201,Coffee,3,2.0,6.0,"Credit Card",In-store,2023-08-23
TXN_1706896,Smoothie,3,4.0,12.0,Cash,NULL,2023-07-15
TXN_1707251,Sandwich,2,4.0,8.0,"Digital Wallet",Takeaway,2023-10-06
TXN_1707537,Cake,3,3.0,ERROR,"Digital Wallet",Takeaway,2023-10-17
TXN_1708928,Smoothie,1,4.0,4.0,ERROR,NULL,UNKNOWN
TXN_1710476,Juice,4,3.0,12.0,"Digital Wallet",Takeaway,2023-05-22
TXN_1710823,Salad,2,5.0,10.0,"Credit Card",NULL,2023-01-27
TXN_1711730,Juice,5,3.0,15.0,UNKNOWN,Takeaway,2023-06-01
TXN_1711872,Juice,1,3.0,3.0,NULL,Takeaway,2023-01-27
TXN_1712662,Juice,2,3.0,6.0,Cash,UNKNOWN,2023-05-31
TXN_1713098,Smoothie,4,4.0,16.0,ERROR,NULL,2023-11-22
TXN_1713128,Smoothie,3,4.0,12.0,"Credit Card",NULL,2023-05-01
TXN_1713639,Cookie,1,1.0,1.0,NULL,NULL,2023-08-04
TXN_1713983,Salad,2,5.0,10.0,Cash,In-store,2023-05-11
TXN_1714274,Cookie,4,1.0,4.0,NULL,In-store,2023-12-27
TXN_1714348,Sandwich,2,4.0,8.0,Cash,Takeaway,2023-12-31
TXN_1714471,Juice,4,3.0,12.0,Cash,Takeaway,2023-08-17
TXN_1715317,UNKNOWN,5,3.0,15.0,"Digital Wallet",In-store,2023-02-10
TXN_1715684,Smoothie,1,4.0,4.0,UNKNOWN,In-store,2023-07-13
TXN_1716710,Coffee,2,2.0,4.0,UNKNOWN,NULL,2023-02-23
TXN_1718733,UNKNOWN,3,2.0,6.0,Cash,NULL,2023-05-31
TXN_1719440,Cookie,5,1.0,5.0,"Digital Wallet",Takeaway,2023-07-13
TXN_1720238,Salad,5,5.0,25.0,ERROR,Takeaway,2023-05-08
TXN_1720329,Cookie,2,1.0,UNKNOWN,Cash,NULL,2023-04-06
TXN_1721242,Smoothie,5,4.0,20.0,NULL,In-store,2023-11-23
TXN_1721342,Smoothie,5,4.0,20.0,"Digital Wallet",In-store,2023-08-23
TXN_1721366,Smoothie,5,4.0,20.0,"Digital Wallet",In-store,2023-04-09
TXN_1721827,Cake,4,3.0,12.0,"Digital Wallet",ERROR,2023-08-22
TXN_1721910,Juice,4,3.0,12.0,"Digital Wallet",NULL,2023-03-21
TXN_1723062,Salad,1,5.0,5.0,ERROR,In-store,2023-09-21
TXN_1724233,Cookie,5,1.0,5.0,"Digital Wallet",Takeaway,2023-02-01
TXN_1724815,UNKNOWN,NULL,4.0,12.0,NULL,In-store,2023-08-16
TXN_1725926,Juice,5,3.0,15.0,"Credit Card",NULL,2023-12-23
TXN_1726774,Salad,3,5.0,15.0,NULL,NULL,2023-11-16
TXN_1726858,Smoothie,3,4.0,12.0,Cash,In-store,NULL
TXN_1727281,Juice,4,3.0,12.0,NULL,Takeaway,2023-01-05
TXN_1728427,Coffee,5,2.0,10.0,Cash,NULL,2023-02-11
TXN_1728644,Coffee,1,2.0,2.0,Cash,Takeaway,2023-04-07
TXN_1730385,Cake,2,3.0,6.0,"Credit Card",NULL,2023-03-01
TXN_1730647,Juice,5,3.0,15.0,"Digital Wallet",In-store,2023-01-18
TXN_1730850,Juice,2,3.0,6.0,Cash,Takeaway,2023-12-15
TXN_1731476,Sandwich,1,4.0,4.0,"Digital Wallet",Takeaway,2023-04-19
TXN_1732216,Coffee,3,2.0,6.0,"Digital Wallet",Takeaway,2023-08-30
TXN_1732639,Cookie,4,1.0,4.0,NULL,In-store,UNKNOWN
TXN_1733916,Sandwich,4,4.0,16.0,"Digital Wallet",In-store,2023-01-12
TXN_1736287,NULL,5,2.0,10.0,"Digital Wallet",NULL,2023-06-02
TXN_1736294,Coffee,3,2.0,6.0,"Digital Wallet",NULL,2023-09-06
TXN_1736630,ERROR,5,1.5,7.5,"Credit Card",NULL,2023-07-16
TXN_1737731,Smoothie,5,4.0,20.0,"Digital Wallet",NULL,2023-06-29
TXN_1738607,Juice,2,3.0,6.0,"Credit Card",In-store,2023-01-17
TXN_1740742,Tea,4,1.5,6.0,"Digital Wallet",In-store,2023-10-06
TXN_1741325,Tea,2,1.5,3.0,"Credit Card",In-store,2023-03-31
TXN_1741685,Juice,5,3.0,15.0,Cash,NULL,2023-08-18
TXN_1744319,Smoothie,3,4.0,12.0,Cash,NULL,2023-03-24
TXN_1745182,Cookie,2,UNKNOWN,2.0,"Digital Wallet",Takeaway,2023-09-26
TXN_1746001,Cookie,ERROR,1.0,3.0,"Digital Wallet",Takeaway,2023-03-15
TXN_1746320,Salad,1,5.0,5.0,Cash,NULL,2023-11-14
TXN_1748121,Cake,2,3.0,6.0,NULL,In-store,2023-12-07
TXN_1749105,Sandwich,5,4.0,20.0,Cash,In-store,2023-10-17
TXN_1749299,Smoothie,2,4.0,8.0,UNKNOWN,NULL,2023-10-28
TXN_1749930,Salad,5,5.0,25.0,UNKNOWN,In-store,2023-07-01
TXN_1750875,Juice,3,3.0,9.0,NULL,NULL,2023-12-13
TXN_1751164,Salad,2,5.0,10.0,Cash,NULL,2023-09-11
TXN_1751183,NULL,5,4.0,20.0,"Credit Card",NULL,2023-12-25
TXN_1752617,Tea,5,1.5,7.5,NULL,Takeaway,2023-09-05
TXN_1752992,UNKNOWN,3,2.0,6.0,NULL,NULL,2023-12-12
TXN_1755661,Salad,5,5.0,25.0,NULL,In-store,2023-07-14
TXN_1755817,Salad,5,5.0,25.0,"Digital Wallet",Takeaway,2023-07-17
TXN_1756717,Smoothie,3,4.0,12.0,"Credit Card",UNKNOWN,2023-01-22
TXN_1757340,Cake,2,3.0,6.0,"Credit Card",In-store,2023-12-29
TXN_1758689,Smoothie,3,4.0,12.0,Cash,ERROR,2023-02-17
TXN_1759063,Cookie,2,1.0,2.0,"Digital Wallet",Takeaway,2023-09-09
TXN_1759314,Salad,5,5.0,25.0,NULL,NULL,2023-08-23
TXN_1760092,Coffee,1,2.0,2.0,"Credit Card",Takeaway,2023-04-15
TXN_1765281,Smoothie,3,4.0,12.0,"Credit Card",In-store,2023-01-28
TXN_1766527,UNKNOWN,4,5.0,UNKNOWN,"Digital Wallet",NULL,2023-02-07
TXN_1767201,ERROR,5,5.0,25.0,"Credit Card",UNKNOWN,2023-07-12
TXN_1767321,Sandwich,1,4.0,4.0,NULL,In-store,2023-03-24
TXN_1767872,Salad,2,5.0,10.0,"Credit Card",In-store,2023-01-05
TXN_1769466,UNKNOWN,5,2.0,10.0,"Digital Wallet",Takeaway,2023-08-01
TXN_1769882,ERROR,3,3.0,UNKNOWN,NULL,Takeaway,2023-03-17
TXN_1770073,Cookie,2,1.0,2.0,NULL,Takeaway,2023-12-03
TXN_1770648,Sandwich,4,4.0,16.0,"Credit Card",NULL,2023-09-30
TXN_1772692,Smoothie,3,4.0,12.0,Cash,NULL,2023-09-05
TXN_1773856,Cake,2,3.0,6.0,NULL,ERROR,2023-08-11
TXN_1773873,Salad,5,5.0,25.0,"Credit Card",Takeaway,2023-06-10
TXN_1775278,Juice,4,3.0,12.0,"Credit Card",Takeaway,2023-02-22
TXN_1775884,Juice,4,3.0,12.0,Cash,NULL,2023-10-08
TXN_1776070,Sandwich,3,4.0,12.0,NULL,NULL,NULL
TXN_1777171,Coffee,2,2.0,4.0,NULL,In-store,2023-08-17
TXN_1777959,Tea,5,1.5,7.5,NULL,Takeaway,2023-10-18
TXN_1778597,Cookie,3,1.0,UNKNOWN,Cash,NULL,2023-09-28
TXN_1778707,Salad,5,5.0,25.0,"Credit Card",Takeaway,2023-03-26
TXN_1779679,Coffee,5,NULL,10.0,NULL,In-store,2023-01-06
TXN_1781777,Salad,3,5.0,15.0,"Credit Card",Takeaway,2023-10-26
TXN_1783857,Coffee,2,UNKNOWN,4.0,"Digital Wallet",In-store,2023-11-29
TXN_1784150,UNKNOWN,3,1.0,NULL,NULL,NULL,2023-03-10
TXN_1784478,Juice,5,3.0,15.0,Cash,NULL,2023-07-31
TXN_1785371,Coffee,1,2.0,2.0,UNKNOWN,Takeaway,2023-01-16
TXN_1785644,NULL,5,1.5,7.5,NULL,NULL,2023-08-13
TXN_1786141,Smoothie,4,4.0,16.0,ERROR,NULL,2023-03-12
TXN_1789504,NULL,1,5.0,5.0,"Credit Card",NULL,2023-06-12
TXN_1789644,Coffee,4,2.0,8.0,"Credit Card",In-store,ERROR
TXN_1792405,Tea,3,1.5,4.5,"Digital Wallet",Takeaway,2023-07-06
TXN_1792573,Smoothie,5,4.0,20.0,Cash,Takeaway,2023-12-07
TXN_1794862,Cake,2,3.0,6.0,Cash,NULL,2023-07-16
TXN_1795044,Coffee,2,2.0,4.0,"Digital Wallet",UNKNOWN,2023-08-15
TXN_1796259,Juice,1,3.0,3.0,NULL,In-store,2023-04-29
TXN_1797690,Cake,5,3.0,15.0,"Credit Card",Takeaway,2023-08-10
TXN_1799247,Coffee,3,2.0,6.0,NULL,NULL,2023-01-25
TXN_1801691,Salad,1,5.0,5.0,NULL,Takeaway,2023-05-18
TXN_1803599,UNKNOWN,1,4.0,4.0,"Digital Wallet",Takeaway,2023-08-30
TXN_1803889,Salad,4,5.0,20.0,NULL,NULL,2023-06-23
TXN_1804132,Smoothie,3,4.0,12.0,NULL,In-store,NULL
TXN_1804335,Juice,NULL,3.0,9.0,"Credit Card",NULL,2023-10-05
TXN_1805937,Juice,3,3.0,9.0,"Credit Card",NULL,2023-06-12
TXN_1807140,Salad,ERROR,5.0,5.0,Cash,NULL,2023-03-22
TXN_1811216,Sandwich,1,4.0,4.0,"Digital Wallet",Takeaway,2023-01-18
TXN_1811734,Coffee,4,2.0,8.0,NULL,NULL,2023-07-16
TXN_1811953,Cookie,2,1.0,2.0,UNKNOWN,NULL,2023-06-26
TXN_1812185,Juice,2,3.0,6.0,"Digital Wallet",NULL,2023-09-21
TXN_1815061,Cake,3,3.0,9.0,"Digital Wallet",In-store,2023-01-20
TXN_1817076,ERROR,3,3.0,UNKNOWN,Cash,In-store,2023-05-31
TXN_1817275,Salad,2,5.0,10.0,Cash,In-store,2023-09-02
TXN_1817596,Tea,2,1.5,3.0,UNKNOWN,In-store,2023-11-04
TXN_1818438,Coffee,5,2.0,10.0,Cash,NULL,2023-06-18
TXN_1819615,Coffee,4,2.0,8.0,NULL,NULL,2023-06-03
TXN_1822234,Salad,2,ERROR,10.0,Cash,NULL,2023-10-15
TXN_1823906,Salad,3,5.0,15.0,"Digital Wallet",In-store,2023-06-26
TXN_1824506,Cake,1,3.0,3.0,Cash,In-store,2023-03-02
TXN_1826919,Juice,4,3.0,12.0,"Credit Card",In-store,2023-02-21
TXN_1827212,Sandwich,5,4.0,20.0,ERROR,NULL,2023-12-22
TXN_1827937,Coffee,1,2.0,2.0,NULL,Takeaway,UNKNOWN
TXN_1828494,Juice,2,3.0,6.0,"Digital Wallet",Takeaway,2023-07-21
TXN_1829391,Juice,4,3.0,12.0,"Credit Card",NULL,2023-10-06
TXN_1830278,Cookie,3,1.0,3.0,"Credit Card",NULL,2023-05-15
TXN_1830432,Cookie,3,1.0,3.0,"Digital Wallet",Takeaway,2023-11-02
TXN_1833012,Salad,3,5.0,15.0,"Digital Wallet",NULL,2023-08-16
TXN_1833277,Tea,2,1.5,3.0,NULL,Takeaway,2023-10-19
TXN_1834831,ERROR,5,5.0,25.0,"Digital Wallet",In-store,2023-02-16
TXN_1836754,Tea,1,1.5,1.5,"Credit Card",In-store,2023-09-10
TXN_1837617,Juice,3,3.0,9.0,NULL,NULL,2023-01-16
TXN_1837764,Tea,3,1.5,4.5,Cash,In-store,2023-07-30
TXN_1837817,Tea,2,1.5,3.0,Cash,ERROR,2023-08-13
TXN_1839407,Cookie,3,1.0,3.0,Cash,NULL,2023-03-15
TXN_1840566,Coffee,4,2.0,8.0,NULL,ERROR,2023-01-05
TXN_1840584,Cake,5,3.0,15.0,"Digital Wallet",NULL,2023-05-28
TXN_1840897,UNKNOWN,1,UNKNOWN,5.0,ERROR,NULL,2023-06-03
TXN_1841204,Salad,3,5.0,15.0,"Digital Wallet",In-store,2023-04-18
TXN_1842675,ERROR,4,1.0,4.0,"Credit Card",Takeaway,2023-06-23
TXN_1842697,UNKNOWN,5,NULL,15.0,NULL,NULL,2023-10-25
TXN_1842981,Tea,5,1.5,ERROR,"Credit Card",NULL,2023-04-12
TXN_1843989,ERROR,5,1.0,5.0,NULL,Takeaway,2023-07-19
TXN_1844925,Tea,5,1.5,7.5,Cash,NULL,2023-10-21
TXN_1846004,Juice,3,3.0,9.0,Cash,In-store,2023-05-21
TXN_1846455,Sandwich,4,4.0,16.0,NULL,NULL,2023-03-16
TXN_1848481,Cookie,4,1.0,4.0,"Credit Card",NULL,UNKNOWN
TXN_1849406,Sandwich,5,4.0,ERROR,Cash,In-store,2023-11-30
TXN_1849597,Sandwich,2,4.0,8.0,Cash,NULL,2023-11-01
TXN_1850339,Cookie,5,1.0,5.0,Cash,Takeaway,2023-01-17
TXN_1851725,Cake,5,3.0,15.0,Cash,Takeaway,2023-02-19
TXN_1852224,Tea,4,ERROR,6.0,Cash,Takeaway,2023-01-06
TXN_1852436,Juice,4,ERROR,12.0,NULL,NULL,ERROR
TXN_1852586,Cake,5,3.0,15.0,NULL,In-store,UNKNOWN
TXN_1853196,Sandwich,1,4.0,4.0,"Credit Card",NULL,2023-08-28
TXN_1853298,Cookie,5,1.0,5.0,"Credit Card",NULL,2023-01-02
TXN_1853983,Tea,1,1.5,1.5,Cash,In-store,2023-12-04
TXN_1854102,Coffee,2,2.0,4.0,"Digital Wallet",Takeaway,2023-07-18
TXN_1856112,Salad,3,5.0,15.0,"Credit Card",NULL,2023-06-08
TXN_1856153,Coffee,5,2.0,10.0,"Credit Card",NULL,2023-12-02
TXN_1856538,Coffee,3,2.0,6.0,Cash,NULL,2023-11-01
TXN_1857902,Sandwich,5,4.0,20.0,ERROR,Takeaway,2023-04-26
TXN_1858674,Smoothie,2,4.0,8.0,NULL,In-store,2023-04-09
TXN_1860406,Coffee,2,2.0,4.0,NULL,Takeaway,2023-06-17
TXN_1861717,Tea,2,1.5,3.0,Cash,In-store,2023-11-10
TXN_1862184,Coffee,4,2.0,8.0,NULL,In-store,2023-01-21
TXN_1863866,Smoothie,1,4.0,4.0,Cash,NULL,2023-10-03
TXN_1865302,Cookie,5,1.0,5.0,"Credit Card",In-store,2023-08-16
TXN_1865735,Smoothie,2,4.0,8.0,"Digital Wallet",In-store,2023-09-22
TXN_1866028,Tea,5,1.5,7.5,"Credit Card",Takeaway,2023-06-12
TXN_1866707,Smoothie,3,4.0,12.0,Cash,NULL,2023-06-05
TXN_1866816,Juice,3,3.0,9.0,NULL,In-store,2023-08-21
TXN_1867158,Cookie,4,1.0,4.0,"Digital Wallet",Takeaway,2023-05-16
TXN_1867836,Juice,1,3.0,3.0,"Credit Card",NULL,2023-03-21
TXN_1868447,Tea,3,1.5,4.5,Cash,ERROR,2023-09-30
TXN_1868529,ERROR,1,5.0,5.0,"Credit Card",NULL,2023-01-25
TXN_1869147,Smoothie,4,4.0,16.0,"Digital Wallet",NULL,2023-11-21
TXN_1869814,Tea,1,1.5,1.5,"Digital Wallet",Takeaway,2023-05-24
TXN_1870303,Coffee,4,2.0,8.0,"Digital Wallet",In-store,2023-05-05
TXN_1870423,Salad,2,5.0,10.0,"Credit Card",Takeaway,2023-04-12
TXN_1872692,Salad,5,5.0,25.0,Cash,In-store,2023-08-09
TXN_1872922,Sandwich,5,4.0,20.0,NULL,In-store,2023-07-16
TXN_1873800,Smoothie,3,4.0,12.0,NULL,In-store,2023-02-01
TXN_1873852,NULL,3,3.0,9.0,"Digital Wallet",Takeaway,2023-07-07
TXN_1874601,Coffee,4,2.0,8.0,NULL,NULL,2023-12-10
TXN_1875220,Tea,3,1.5,4.5,Cash,In-store,2023-03-07
TXN_1882390,Cookie,1,1.0,1.0,NULL,Takeaway,2023-05-22
TXN_1882700,Tea,3,1.5,4.5,"Digital Wallet",In-store,2023-04-18
TXN_1883231,Juice,5,3.0,15.0,ERROR,In-store,2023-10-21
TXN_1884923,Coffee,4,2.0,8.0,"Digital Wallet",Takeaway,2023-05-11
TXN_1885495,Coffee,4,2.0,8.0,Cash,NULL,2023-03-04
TXN_1887083,Juice,1,3.0,3.0,"Digital Wallet",NULL,2023-05-05
TXN_1887250,Tea,3,1.5,ERROR,NULL,Takeaway,2023-05-15
TXN_1887522,Sandwich,4,4.0,16.0,Cash,In-store,2023-02-20
TXN_1887555,Juice,2,3.0,6.0,Cash,In-store,2023-01-08
TXN_1888294,Juice,3,3.0,9.0,Cash,NULL,2023-07-03
TXN_1888706,Cookie,1,1.0,1.0,NULL,Takeaway,2023-11-26
TXN_1888708,Sandwich,4,4.0,NULL,Cash,NULL,2023-08-17
TXN_1891141,Juice,4,3.0,12.0,"Digital Wallet",In-store,2023-10-25
TXN_1891217,Tea,5,1.5,7.5,NULL,NULL,2023-04-02
TXN_1891978,Salad,4,5.0,20.0,"Digital Wallet",In-store,2023-09-13
TXN_1892102,ERROR,3,4.0,12.0,Cash,NULL,2023-03-23
TXN_1892454,Juice,1,3.0,3.0,UNKNOWN,NULL,2023-07-19
TXN_1893222,Smoothie,5,4.0,20.0,"Credit Card",In-store,2023-12-20
TXN_1893337,Cake,2,3.0,6.0,NULL,Takeaway,2023-05-16
TXN_1894142,Sandwich,4,4.0,16.0,Cash,In-store,2023-09-13
TXN_1895899,Smoothie,4,UNKNOWN,16.0,"Credit Card",In-store,2023-07-17
TXN_1896955,Salad,ERROR,5.0,25.0,NULL,In-store,2023-09-23
TXN_1897660,Tea,3,1.5,4.5,"Digital Wallet",In-store,UNKNOWN
TXN_1897783,Smoothie,3,4.0,12.0,Cash,NULL,2023-02-02
TXN_1898102,Cake,4,3.0,12.0,"Credit Card",Takeaway,2023-10-17
TXN_1898329,Cake,5,3.0,15.0,Cash,In-store,2023-04-12
TXN_1899114,Tea,3,1.5,4.5,"Digital Wallet",Takeaway,2023-04-05
TXN_1899827,Coffee,5,2.0,10.0,"Credit Card",Takeaway,2023-06-24
TXN_1900036,Cookie,1,1.0,1.0,UNKNOWN,NULL,2023-12-20
TXN_1900411,Salad,3,5.0,15.0,NULL,NULL,2023-09-24
TXN_1900620,Smoothie,2,4.0,8.0,"Credit Card",ERROR,2023-12-14
TXN_1900906,Coffee,5,2.0,ERROR,Cash,NULL,2023-01-31
TXN_1901704,Salad,5,5.0,25.0,Cash,NULL,2023-11-17
TXN_1901729,Cake,2,3.0,6.0,NULL,Takeaway,2023-03-18
TXN_1902009,UNKNOWN,2,3.0,6.0,"Credit Card",NULL,2023-04-12
TXN_1902038,UNKNOWN,4,2.0,8.0,"Credit Card",Takeaway,2023-04-07
TXN_1903825,Salad,4,5.0,20.0,"Digital Wallet",Takeaway,2023-04-01
TXN_1905459,Smoothie,3,4.0,12.0,"Digital Wallet",NULL,2023-08-18
TXN_1906642,Cookie,4,1.0,4.0,NULL,Takeaway,2023-06-06
TXN_1907250,Cookie,1,1.0,1.0,"Credit Card",NULL,2023-11-15
TXN_1907428,Juice,4,3.0,12.0,"Credit Card",In-store,2023-06-06
TXN_1907740,Sandwich,1,4.0,4.0,Cash,NULL,2023-03-17
TXN_1908100,Juice,2,3.0,6.0,NULL,In-store,2023-04-17
TXN_1908636,Tea,2,1.5,3.0,NULL,UNKNOWN,NULL
TXN_1909796,Smoothie,2,4.0,8.0,NULL,Takeaway,2023-07-12
TXN_1910487,Sandwich,3,NULL,12.0,"Digital Wallet",In-store,2023-08-14
TXN_1910553,Smoothie,5,4.0,20.0,Cash,NULL,2023-10-01
TXN_1910957,Tea,5,1.5,7.5,NULL,Takeaway,2023-07-25
TXN_1911093,Tea,2,1.5,3.0,"Digital Wallet",In-store,2023-10-07
TXN_1912525,ERROR,4,4.0,16.0,Cash,Takeaway,2023-11-25
TXN_1914728,NULL,5,1.0,5.0,Cash,In-store,2023-06-16
TXN_1915046,Sandwich,5,4.0,20.0,NULL,NULL,2023-04-12
TXN_1916339,Cake,1,3.0,3.0,Cash,In-store,2023-07-15
TXN_1917336,Sandwich,3,4.0,12.0,Cash,In-store,2023-04-12
TXN_1917388,ERROR,2,3.0,6.0,"Digital Wallet",NULL,2023-04-15
TXN_1921262,Sandwich,NULL,4.0,8.0,ERROR,ERROR,2023-11-24
TXN_1921415,Cake,1,3.0,3.0,Cash,Takeaway,2023-11-03
TXN_1923263,Sandwich,4,4.0,16.0,"Digital Wallet",In-store,2023-03-12
